{"cameraMode":{"drawMode":0,"name":"Shaded","section":"Shading Mode"},"sceneLighting":false,"audioPlay":false,"sceneViewState":{"showFog":true,"showMaterialUpdate":false,"showSkybox":false,"showFlares":true,"showImageEffects":true,"showParticleSystems":true},"in2DMode":false,"pivot":{"x":-2.384185791015625e-7,"y":-0.0009785890579223633,"z":0.00458073616027832},"rotation":{"x":-0.17490488290786744,"y":0.011570891365408898,"z":-0.0019952075090259315,"w":-0.9845772981643677},"size":5.60996675491333,"orthographic":false}